id,timestamp,user_id,username,source,role,query,response,from_cache,response_time_ms,created_at
11,2026-05-14T13:27:54.333194,1891447869,maximkiselevspb,telegram,sales,кроссовер,"Вы заинтересованы в кроссовере? У нас есть модель «Стримлайн X1». Вот основные характеристики:

- **Базовая комплектация «Comfort»**:
  - Двигатель: бензиновый 1.5 л с турбонаддувом
  - Привод: передний
  - Расход: ориентировочно 7.2 л/100 км
  - Цена: 2 490 000 руб.

- **Комплектация «Prestige»**:
  - Дополнительно: кожаный салон, панорамная крыша, ассистенты ADAS второго уровня
  - Цена: 2 890 000 руб.

Если у вас есть вопросы по конкретной комплектации или другим моделям, дайте знать!",0,3343,2026-05-14 10:27:54
10,2026-05-14T13:27:35.868372,1891447869,maximkiselevspb,telegram,sales,хочу купить машину,"Здравствуйте! Чтобы помочь вам с выбором автомобиля, уточните, пожалуйста:

1. Какую модель вы рассматриваете? (например, кроссовер «Стримлайн X1» или седан «Стримлайн S2»)
2. Какую комплектацию предпочитаете? (например, базовую или более оснащенную)
3. Какой у вас бюджет?

После этого смогу предоставить вам более подробную информацию!",0,2446,2026-05-14 10:27:35
9,2026-05-14T13:26:53.611463,1891447869,maximkiselevspb,telegram,hr,ты здесь?,"Да, я здесь. Какой у Вас вопрос? Пожалуйста, уточните, интересует ли Вас информация об отпуске, больничном, обучении или локальных правилах.",0,8034,2026-05-14 10:26:53
8,2026-05-14T13:26:00.334325,1891447869,maximkiselevspb,telegram,hr,как оформить отпуск?,"Чтобы оформить отпуск, выполните следующие шаги:

1. Запланируйте отпуск не позднее чем за 14 календарных дней до начала.
2. Зайдите на HR-портал для подачи заявки на отпуск.
3. Дождитесь согласования вашей заявки от руководителя и HR.

Не забывайте, что неиспользованные дни отпуска могут быть перенесены по согласованию с руководителем и HR не более чем на 12 месяцев. 

Если у вас возникнут дополнительные вопросы, вы можете обратиться в HR по внутреннему номеру 2100 или на email hr@severauto-study.example.",1,0,2026-05-14 10:26:00
7,2026-05-14T13:25:43.453274,1891447869,maximkiselevspb,telegram,hr,Привет! Что ты умеешь?,"Здравствуйте! Я могу помочь Вам с вопросами, связанными с внутренними политиками компании «СеверАвто», включая:

1. Отпуска и график.
2. Обучение и сертификация.
3. Конфиденциальность.
4. Контакты для сотрудников по вопросам трудового договора, больничных и справок.

Если у Вас есть конкретный вопрос, пожалуйста, уточните, и я постараюсь помочь.",0,27413,2026-05-14 10:25:43
